name,notes,high angle slice,high angle theta,low angle slice,low angle theta,Start step,T start,T start mod,End step,T end,Tend mod,Tprofile,lambda,Hanc
MMSS13-1,,A,162.3,C,28.1,2,200,,13,530,,T55,0.12,0.717891952
MMSS13-2,,A,159.4,D,26.51,2,200,,13,530,,T51,0.2,0.717891952
MMSS13-5,,B,160.3,C,16.8,0,0,,13,530,,T52,0.5,0.717891952
MMSS13-7,,D,171.5,A,14.4,1,100,,13,530,,T65,0.23,0.717891952
MMSS12-4,,B,138.7,C,46.2,2,200,16,16,570,80,T73,1.8,0.796462592
MMSS12-7,,F,154.9,D,30.1,2,200,3,16,570,80,T78,0.43,0.796462592
MMSS12-8,,F,152.2,B,27.1,2,200,2,16,570,90,T80,0.28,0.796462592
MMSS12-2,Omit because of early alteration and missing 570 step in anti-par?,B,154,A,34.5,3,300,3,15,560,48,T69,error - k' too high to match,0.796462592